{"statewide": 0.427916, "byDistrict": [0.790446, 0.448143, 0.374017, 0.309472, 0.628888, 0.326034, 0.287986, 0.264059]}