{"statewide": 0.421642, "byDistrict": [0.796635, 0.460549, 0.366844, 0.297965, 0.634235, 0.311204, 0.28916, 0.239776]}