{"statewide": 0.485392, "byDistrict": [0.800826, 0.478785, 0.441236, 0.391416, 0.658062, 0.415656, 0.332964, 0.360568]}