{"statewide": 0.401814, "byDistrict": [0.782049, 0.413386, 0.337386, 0.280393, 0.607776, 0.298045, 0.26132, 0.235658]}