{"statewide": 0.389379, "byDistrict": [0.765818, 0.405999, 0.331887, 0.27106, 0.601972, 0.284922, 0.254729, 0.222162]}