CD,composite
1,0.790446
2,0.448143
3,0.374017
4,0.309472
5,0.628888
6,0.326034
7,0.287986
8,0.264059
