{"statewide": 0.416084, "byDistrict": [0.782495, 0.447825, 0.36125, 0.294519, 0.622121, 0.310636, 0.284246, 0.249066]}