{"statewide": 0.470017, "byDistrict": [0.815464, 0.487964, 0.422712, 0.352677, 0.652716, 0.376545, 0.324232, 0.30954]}