{"statewide": 0.486957, "byDistrict": [0.42221, 0.547818, 0.333222, 0.772394, 0.812324, 0.37646, 0.598797, 0.34351, 0.285497, 0.365484, 0.395877, 0.430581, 0.801266, 0.301655]}