{"statewide": 0.480261, "byDistrict": [0.416515, 0.541556, 0.326359, 0.770078, 0.814937, 0.377509, 0.594526, 0.341536, 0.2809, 0.360619, 0.38959, 0.429291, 0.791887, 0.293001]}