{"statewide": 0.492988, "byDistrict": [0.424513, 0.550831, 0.328678, 0.788685, 0.841834, 0.38795, 0.611304, 0.342709, 0.282077, 0.365455, 0.401514, 0.431844, 0.811353, 0.296235]}