{"statewide": 0.490894, "byDistrict": [0.426604, 0.543039, 0.338592, 0.781978, 0.816296, 0.401317, 0.620493, 0.351103, 0.298028, 0.372307, 0.408111, 0.438394, 0.805507, 0.307091]}