{"statewide": 0.473388, "byDistrict": [0.414911, 0.546356, 0.316868, 0.769236, 0.835233, 0.360472, 0.572708, 0.343019, 0.264903, 0.351036, 0.370732, 0.432368, 0.778993, 0.27682]}