{"statewide": 0.428246, "byDistrict": [0.373798, 0.505567, 0.2873, 0.704903, 0.735373, 0.290546, 0.511339, 0.31115, 0.240303, 0.319751, 0.324771, 0.391704, 0.738799, 0.263962]}