{"statewide": 0.501283, "byDistrict": [0.432171, 0.552346, 0.347564, 0.791732, 0.836625, 0.42502, 0.63071, 0.360428, 0.308105, 0.381374, 0.422269, 0.448665, 0.804792, 0.310471]}