{"statewide": 0.409102, "byDistrict": [0.327606, 0.631177, 0.359213, 0.288109]}