{"statewide": 0.431865, "byDistrict": [0.354098, 0.642722, 0.387156, 0.32118]}