{"statewide": 0.41615, "byDistrict": [0.339191, 0.631947, 0.376829, 0.30719]}