CD,composite
1,0.354098
2,0.642722
3,0.387156
4,0.321180
