{"statewide": 0.449224, "byDistrict": [0.380303, 0.655558, 0.400729, 0.349334]}