{"statewide": 0.402936, "byDistrict": [0.322423, 0.607382, 0.352912, 0.306088]}