{"statewide": 0.421713, "byDistrict": [0.336491, 0.626268, 0.373637, 0.316056]}