{"statewide": 0.474233, "byDistrict": [0.397985, 0.663935, 0.439163, 0.358712]}