CD,composite,P2020,P2016,S2020,S2018,G2019,AG2019,MEAN,SEM,RSE,Δ,Δ/MEAN,Δ/SEM
4,0.321180,0.307190,0.288109,0.349334,0.306088,0.358712,0.316056,0.320915,0.011172,0.034813,0.000265,0.000826,0.023720
1,0.354098,0.339191,0.327606,0.380303,0.322423,0.397985,0.336491,0.350666,0.012622,0.035994,0.003432,0.009787,0.271906
3,0.387156,0.376829,0.359213,0.400729,0.352912,0.439163,0.373637,0.383747,0.012990,0.033850,0.003409,0.008883,0.262433
2,0.642722,0.631947,0.631177,0.655558,0.607382,0.663935,0.626268,0.636045,0.008399,0.013205,0.006677,0.010498,0.794976
