{"statewide": 0.561709, "byDistrict": [0.68351, 0.346369, 0.740276, 0.544809, 0.516088, 0.537852]}