{"statewide": 0.583171, "byDistrict": [0.701595, 0.374838, 0.742053, 0.565317, 0.545316, 0.567711]}