{"statewide": 0.534268, "byDistrict": [0.631421, 0.342015, 0.710959, 0.530188, 0.475028, 0.501347]}