{"statewide": 0.591474, "byDistrict": [0.702488, 0.395838, 0.748759, 0.580435, 0.551452, 0.568842]}