{"statewide": 0.574982, "byDistrict": [0.686817, 0.37524, 0.738473, 0.562369, 0.531528, 0.552323]}