CD,composite
1,0.686817
2,0.375240
3,0.738473
4,0.562369
5,0.531528
6,0.552323
