{"statewide": 0.629362, "byDistrict": [0.714794, 0.493664, 0.777718, 0.613988, 0.590724, 0.589018]}