{"statewide": 0.575202, "byDistrict": [0.686462, 0.377827, 0.73496, 0.562487, 0.533266, 0.554124]}