{"statewide": 0.469095, "byDistrict": [0.618457, 0.457616, 0.384868, 0.389501, 0.447252, 0.375205, 0.728828, 0.397119, 0.423395]}