{"statewide": 0.398841, "byDistrict": [0.56271, 0.3662, 0.318687, 0.317551, 0.374596, 0.301312, 0.690152, 0.319945, 0.350329]}