{"statewide": 0.434732, "byDistrict": [0.579496, 0.405202, 0.357214, 0.356006, 0.410123, 0.34562, 0.700853, 0.387693, 0.383263]}