{"statewide": 0.448695, "byDistrict": [0.602524, 0.426534, 0.377156, 0.362014, 0.403135, 0.355017, 0.678091, 0.434785, 0.405277]}