{"statewide": 0.418018, "byDistrict": [0.542465, 0.385023, 0.347235, 0.350933, 0.418674, 0.336903, 0.715691, 0.332761, 0.360509]}