CD,composite
1,0.579496
2,0.405202
3,0.357214
4,0.356006
5,0.410123
6,0.345620
7,0.700853
8,0.387693
9,0.383263
