{"statewide": 0.361929, "byDistrict": [0.502856, 0.333047, 0.280722, 0.293043, 0.324025, 0.287966, 0.625955, 0.279553, 0.328536]}