{"statewide": 0.416595, "byDistrict": [0.535805, 0.376389, 0.340149, 0.337674, 0.39424, 0.33358, 0.696886, 0.394322, 0.361281]}