{"statewide": 0.544809, "byDistrict": [0.474572, 0.531252, 0.584949, 0.685566, 0.813593, 0.415626, 0.366582, 0.473298]}