{"statewide": 0.624817, "byDistrict": [0.563677, 0.61081, 0.65062, 0.739611, 0.847579, 0.506623, 0.484358, 0.568077]}