{"statewide": 0.536396, "byDistrict": [0.452972, 0.536654, 0.606983, 0.692033, 0.822064, 0.409805, 0.33084, 0.442321]}