{"statewide": 0.528398, "byDistrict": [0.460969, 0.519297, 0.578994, 0.67522, 0.803073, 0.40221, 0.348764, 0.447035]}