{"statewide": 0.508318, "byDistrict": [0.42377, 0.494167, 0.560279, 0.670273, 0.802331, 0.370345, 0.316296, 0.430504]}