{"statewide": 0.559296, "byDistrict": [0.51426, 0.536925, 0.572626, 0.684612, 0.813785, 0.428155, 0.392728, 0.502283]}