{"statewide": 0.520615, "byDistrict": [0.449839, 0.491082, 0.534453, 0.650028, 0.791206, 0.386504, 0.362063, 0.468101]}