CD,composite
1,0.474572
2,0.531252
3,0.584949
4,0.685566
5,0.813593
6,0.415626
7,0.366582
8,0.473298
