{"statewide": 0.478261, "byDistrict": [0.522745, 0.312346, 0.674943, 0.322214, 0.401544, 0.423447, 0.482589, 0.388716, 0.517126, 0.470262, 0.810638, 0.365703, 0.538641, 0.470173, 0.454671]}