{"statewide": 0.459233, "byDistrict": [0.542949, 0.270123, 0.722134, 0.318743, 0.363907, 0.354398, 0.453306, 0.388252, 0.485156, 0.482097, 0.791042, 0.343327, 0.514297, 0.424261, 0.465644]}