{"statewide": 0.534074, "byDistrict": [0.556911, 0.373109, 0.735743, 0.397133, 0.475192, 0.48839, 0.523194, 0.428705, 0.584724, 0.533921, 0.83259, 0.437239, 0.578068, 0.52702, 0.527315]}