{"statewide": 0.390366, "byDistrict": [0.404411, 0.258774, 0.592837, 0.251332, 0.318279, 0.366436, 0.357148, 0.291106, 0.426687, 0.376952, 0.733132, 0.300736, 0.445386, 0.376804, 0.364108]}