{"statewide": 0.457323, "byDistrict": [0.520551, 0.273918, 0.701222, 0.303741, 0.36836, 0.371734, 0.440063, 0.364743, 0.49504, 0.468079, 0.81148, 0.345905, 0.511002, 0.428628, 0.445571]}