{"statewide": 0.46384, "byDistrict": [0.510221, 0.295657, 0.688017, 0.317835, 0.382441, 0.399583, 0.451666, 0.371489, 0.500755, 0.464657, 0.795694, 0.358179, 0.518951, 0.445337, 0.453935]}