{"statewide": 0.48075, "byDistrict": [0.516357, 0.316391, 0.700888, 0.334177, 0.398743, 0.425436, 0.467666, 0.381507, 0.52015, 0.467075, 0.800094, 0.379644, 0.538388, 0.467876, 0.479387]}