METRIC,P2020
Vf,0.586590
S_V,13.562382
Sf,0.797787
FPTP,14.000000
PR,10.000000
BS_50,-0.065995
BV_50,-0.020416
DECL,-33.856499
GS,-0.041054
EG,-0.124607
BS_V,-0.024272
PROP,-0.211197
MM,0.008080
TO,-0.008838
MM',0.016918
LO,0.010640
R,3.439048
r,1.184133
Rd,1.596418
L_Vf,0.565000
L_Sf,0.764383
U_Vf,0.610000
U_Sf,0.818189
