METRIC,P2016
Vf,0.590201
Sf,0.784060
EG,-0.103658
PR,-0.193859
GAMMA,-0.135305
BS_50,-0.033024
BV_50,-0.012159
BS_V,-0.027979
GS,-0.035437
MM,0.006521
LO,0.021849
DECL,-30.206418
R,3.149193
r,1.649149
Rd,2.323165
Sb,0.784060
Ra,0.892030
Rb,0.392030
Va,0.643993
Vb,0.334157
L_Vf,0.570000
L_Sf,0.745466
U_Vf,0.615000
U_Sf,0.813569
