METRIC,composite
Vf,0.581686
S_V,13.309117
Sf,0.782889
FPTP,14.000000
PR,10.000000
BS_50,-0.030395
BV_50,-0.009336
DECL,-27.316003
GS,-0.029332
EG,-0.119517
BS_V,-0.029316
PROP,-0.201203
MM,0.014576
TO,-0.008771
MM',0.023347
LO,0.027865
R,3.463130
r,1.708463
Rd,2.414350
L_Vf,0.560000
L_Sf,0.736847
U_Vf,0.605000
U_Sf,0.812225
