METRIC,G2018
Vf,0.584089
Sf,0.758590
S_V,12.896032
FPTP,14.000000
PR,10.000000
BS_50,0.003698
BV_50,0.001194
GS,0.015600
EG,-0.090412
BS_V,-0.004688
PROP,-0.174501
MM,0.033033
MM',0.038092
LO,0.057509
TO,-0.005059
DECL,-15.109211
R,3.075195
r,2.211922
Rd,3.416644
Sb,0.758590
Ra,0.879295
Rb,0.379295
Va,0.588020
Vb,0.354471
AVG_DVf,0.636597
AVG_RVf,0.367720
L_Vf,0.560000
L_Sf,0.696890
U_Vf,0.605000
U_Sf,0.799366
