METRIC,composite
Vf,0.581686
Sf,0.782889
EG,-0.119517
PR,-0.201203
GAMMA,-0.143332
BS_50,-0.030395
BV_50,-0.009336
BS_V,-0.029316
GS,-0.029332
MM,0.014576
LO,0.027865
DECL,-27.316003
R,3.463130
r,1.708463
Sb,0.782889
Ra,0.891445
Rb,0.391445
Va,0.621323
Vb,0.350812
L_Vf,0.560000
L_Sf,0.736847
U_Vf,0.605000
U_Sf,0.812225
