METRIC,S2020
Vf,0.585649
Sf,0.801424
S_V,13.624208
FPTP,14.000000
PR,10.000000
EG,-0.130126
PROP,-0.215775
BS_50,-0.059129
BV_50,-0.016869
BS_V,-0.030495
GS,-0.036264
DECL,-31.061054
MM,0.004634
TO,-0.013181
MM',0.017815
LO,0.026983
R,3.519294
r,1.078962
Rd,1.424206
Sb,0.801424
Ra,0.900712
Rb,0.400712
Va,0.628067
Vb,0.344950
AVG_DVf,0.652536
AVG_RVf,0.348201
L_Vf,0.565000
L_Sf,0.770729
U_Vf,0.610000
U_Sf,0.820600
