METRIC,AG2018
Vf,0.561386
S_V,12.406579
Sf,0.729799
FPTP,14.000000
PR,10.000000
BS_50,-0.020261
BV_50,-0.006548
DECL,-18.491578
GS,-0.025084
EG,-0.107027
BS_V,-0.043834
PROP,-0.168413
MM,0.014214
TO,-0.008309
MM',0.022523
LO,0.026807
R,3.743505
r,2.963419
Rd,4.624650
L_Vf,0.540000
L_Sf,0.662129
U_Vf,0.585000
U_Sf,0.787163
