METRIC,P2020
Vf,0.586590
Sf,0.797787
S_V,13.562382
FPTP,14.000000
PR,10.000000
BS_50,-0.065995
BV_50,-0.020416
GS,-0.041054
EG,-0.124607
BS_V,-0.024272
PROP,-0.211197
MM,0.008080
MM',0.016918
LO,0.010640
TO,-0.008838
DECL,-33.856499
R,3.439048
r,1.184133
Rd,1.596418
Sb,0.797787
Ra,0.898894
Rb,0.398894
Va,0.645977
Vb,0.343383
AVG_DVf,0.653423
AVG_RVf,0.324787
L_Vf,0.565000
L_Sf,0.764383
U_Vf,0.610000
U_Sf,0.818189
