{"statewide": 0.585649, "byDistrict": [0.707639, 0.706617, 0.72425, 0.760533, 0.690507, 0.561797, 0.859725, 0.581015, 0.707463, 0.599135, 0.562152, 0.317645, 0.566263, 0.56121, 0.332029, 0.394929, 0.547195]}