METRIC,S2016
Vf,0.579676
S_V,12.824733
Sf,0.754396
FPTP,14.000000
PR,10.000000
BS_50,0.008906
BV_50,0.002627
DECL,-11.190722
GS,0.010596
EG,-0.095044
BS_V,-0.005813
PROP,-0.174720
MM,0.022424
TO,-0.007111
MM',0.029535
LO,0.064306
R,3.192882
r,2.377005
Rd,3.742387
L_Vf,0.555000
L_Sf,0.686178
U_Vf,0.600000
U_Sf,0.799481
