METRIC,G2018
Vf,0.584089
Sf,0.758590
EG,-0.090412
PR,-0.174501
GAMMA,-0.072592
BS_50,0.003698
BV_50,0.001194
BS_V,-0.004688
GS,0.015600
MM,0.033033
LO,0.057509
DECL,-15.109211
R,3.075195
r,2.211922
Sb,0.758590
Ra,0.879295
Rb,0.379295
Va,0.588020
Vb,0.354471
L_Vf,0.560000
L_Sf,0.696890
U_Vf,0.605000
U_Sf,0.799366
