{"statewide": 0.581686, "byDistrict": [0.733396, 0.713458, 0.713056, 0.743171, 0.668884, 0.540768, 0.863895, 0.56711, 0.695636, 0.584924, 0.544069, 0.323121, 0.561107, 0.551358, 0.319382, 0.377229, 0.537204]}