{"statewide": 0.561386, "byDistrict": [0.725749, 0.699409, 0.69308, 0.713087, 0.643675, 0.516098, 0.844093, 0.547172, 0.681525, 0.559789, 0.517429, 0.311463, 0.531624, 0.536011, 0.292171, 0.355166, 0.517266]}