{"statewide": 0.590201, "byDistrict": [0.750041, 0.720706, 0.737362, 0.769053, 0.705752, 0.544301, 0.897823, 0.58368, 0.725596, 0.622716, 0.557291, 0.274778, 0.544662, 0.54605, 0.295177, 0.371132, 0.535808]}