{"statewide": 0.584089, "byDistrict": [0.744882, 0.728879, 0.708412, 0.736596, 0.640575, 0.526759, 0.853169, 0.542196, 0.681985, 0.546973, 0.51364, 0.369091, 0.58754, 0.549689, 0.348441, 0.385627, 0.551056]}