{"statewide": 0.48365, "byDistrict": [0.307694, 0.445542, 0.428046, 0.447283, 0.385095, 0.380664, 0.46, 0.399072, 0.599954, 0.652988, 0.421313, 0.361823, 0.462321, 0.596103, 0.476382, 0.436321, 0.414837, 0.383153, 0.366129, 0.78633, 0.455483, 0.596207, 0.571992, 0.796482, 0.62772, 0.444431, 0.529924, 0.517459]}