{"statewide": 0.499213, "byDistrict": [0.323245, 0.472377, 0.455601, 0.463825, 0.401111, 0.39576, 0.479273, 0.422397, 0.597956, 0.664988, 0.427355, 0.385987, 0.492356, 0.613406, 0.493718, 0.449061, 0.434725, 0.395361, 0.378891, 0.799986, 0.469995, 0.610275, 0.590715, 0.813687, 0.649148, 0.448547, 0.544974, 0.534525]}