{"statewide": 0.493654, "byDistrict": [0.299506, 0.437874, 0.423294, 0.445646, 0.384682, 0.378488, 0.459375, 0.391808, 0.637445, 0.669592, 0.422202, 0.351944, 0.458888, 0.613936, 0.479903, 0.434116, 0.414224, 0.389155, 0.380262, 0.792356, 0.447046, 0.603623, 0.573003, 0.824289, 0.646545, 0.518341, 0.589335, 0.58043]}