{"statewide": 0.497928, "byDistrict": [0.321933, 0.461787, 0.440918, 0.475427, 0.410636, 0.39316, 0.476707, 0.408559, 0.617975, 0.674815, 0.43102, 0.374669, 0.478947, 0.61838, 0.495462, 0.450589, 0.42626, 0.390885, 0.371957, 0.804171, 0.465182, 0.612992, 0.58271, 0.820454, 0.640997, 0.45067, 0.537787, 0.531266]}