{"statewide": 0.469357, "byDistrict": [0.296586, 0.437862, 0.414561, 0.445355, 0.37464, 0.362988, 0.440432, 0.37837, 0.588577, 0.638535, 0.399441, 0.333536, 0.422675, 0.563046, 0.448273, 0.411215, 0.400524, 0.360178, 0.344459, 0.794706, 0.437289, 0.594633, 0.575845, 0.813251, 0.636982, 0.43516, 0.530245, 0.519998]}