{"statewide": 0.48305, "byDistrict": [0.335617, 0.444459, 0.428797, 0.466081, 0.420084, 0.380566, 0.471974, 0.410811, 0.588012, 0.660744, 0.445176, 0.354973, 0.465819, 0.597021, 0.484142, 0.455103, 0.419625, 0.384775, 0.394116, 0.763421, 0.452478, 0.58862, 0.566332, 0.74665, 0.600163, 0.407862, 0.498392, 0.468084]}