{"statewide": 0.460077, "byDistrict": [0.267295, 0.424514, 0.408038, 0.387474, 0.312641, 0.376112, 0.429931, 0.38056, 0.572465, 0.608673, 0.394508, 0.37521, 0.453709, 0.570501, 0.455552, 0.411538, 0.393313, 0.379382, 0.320049, 0.771333, 0.46164, 0.570765, 0.548725, 0.775599, 0.604244, 0.41569, 0.487987, 0.488544]}