{"statewide": 0.501568, "byDistrict": [0.507473, 0.459982, 0.75727, 0.552457, 0.416878, 0.500356, 0.666292, 0.431351, 0.369347]}