{"statewide": 0.512015, "byDistrict": [0.50866, 0.482316, 0.789952, 0.557893, 0.431345, 0.487194, 0.681021, 0.448998, 0.388509]}