{"statewide": 0.48263, "byDistrict": [0.463594, 0.453383, 0.754066, 0.51157, 0.392836, 0.488058, 0.68232, 0.405927, 0.360201]}