CD,composite
1,0.482592
2,0.454343
3,0.758742
4,0.530578
5,0.403439
6,0.480715
7,0.669551
8,0.415885
9,0.361915
