{"statewide": 0.427636, "byDistrict": [0.413836, 0.400591, 0.706448, 0.466222, 0.346748, 0.418499, 0.617723, 0.346681, 0.306406]}