{"statewide": 0.511748, "byDistrict": [0.507418, 0.473728, 0.767022, 0.559995, 0.427176, 0.50487, 0.681663, 0.444948, 0.389357]}