{"statewide": 0.4811, "byDistrict": [0.477208, 0.445029, 0.768886, 0.513538, 0.384283, 0.471614, 0.680095, 0.398692, 0.344982]}