{"statewide": 0.488733, "byDistrict": [0.482592, 0.454343, 0.758742, 0.530578, 0.403439, 0.480715, 0.669551, 0.415885, 0.361915]}