{"statewide": 0.670291, "byDistrict": [0.425832, 0.606242, 0.630288, 0.911872, 0.685506, 0.550153, 0.822545, 0.817981]}