{"statewide": 0.681528, "byDistrict": [0.450693, 0.616139, 0.622302, 0.928677, 0.684018, 0.561945, 0.847308, 0.816449]}