{"statewide": 0.630553, "byDistrict": [0.385111, 0.542481, 0.546647, 0.916655, 0.623527, 0.519877, 0.807109, 0.783244]}