{"statewide": 0.440085, "byDistrict": [0.222291, 0.350504, 0.350295, 0.734174, 0.451404, 0.342829, 0.614874, 0.558243]}