{"statewide": 0.640162, "byDistrict": [0.377641, 0.559206, 0.573587, 0.923269, 0.626182, 0.506414, 0.815733, 0.804903]}