{"statewide": 0.621452, "byDistrict": [0.38037, 0.543633, 0.554366, 0.892229, 0.625636, 0.504799, 0.789697, 0.765325]}