CD,composite
1,0.380370
2,0.543633
3,0.554366
4,0.892229
5,0.625636
6,0.504799
7,0.789697
8,0.765325
