{"statewide": 0.648601, "byDistrict": [0.410212, 0.573362, 0.585001, 0.917393, 0.661378, 0.532065, 0.807167, 0.791424]}