CD,composite
1,0.346120
2,0.422167
3,0.500487
4,0.386482
