{"statewide": 0.527866, "byDistrict": [0.483657, 0.537267, 0.579456, 0.495959]}