{"statewide": 0.439811, "byDistrict": [0.367774, 0.438651, 0.524874, 0.4074]}