{"statewide": 0.410418, "byDistrict": [0.343144, 0.403102, 0.495285, 0.378725]}