{"statewide": 0.388888, "byDistrict": [0.318002, 0.39866, 0.470921, 0.353509]}