{"statewide": 0.341463, "byDistrict": [0.265671, 0.366511, 0.406205, 0.316435]}