{"statewide": 0.425066, "byDistrict": [0.34876, 0.416512, 0.522735, 0.388691]}