{"statewide": 0.418609, "byDistrict": [0.34612, 0.422167, 0.500487, 0.386482]}