{"statewide": 0.496206, "byDistrict": [0.503666, 0.751936, 0.918078, 0.572437, 0.649632, 0.54629, 0.485173, 0.458339, 0.294056, 0.448151, 0.366187, 0.590476, 0.26079, 0.334308, 0.310441, 0.384534, 0.505399]}