{"statewide": 0.492548, "byDistrict": [0.470212, 0.741413, 0.896344, 0.527049, 0.600562, 0.497195, 0.477149, 0.503523, 0.332485, 0.433776, 0.362146, 0.594751, 0.289887, 0.376925, 0.335225, 0.393044, 0.497942]}