{"statewide": 0.525098, "byDistrict": [0.528649, 0.754243, 0.915871, 0.59548, 0.657708, 0.563816, 0.515084, 0.511695, 0.340399, 0.480547, 0.395882, 0.629141, 0.297184, 0.390502, 0.344044, 0.424979, 0.551368]}