{"statewide": 0.566709, "byDistrict": [0.570403, 0.79988, 0.935739, 0.633251, 0.689315, 0.59972, 0.551395, 0.531161, 0.371692, 0.503222, 0.432107, 0.673141, 0.347353, 0.456014, 0.401527, 0.478793, 0.600463]}