{"statewide": 0.586676, "byDistrict": [0.592748, 0.805708, 0.938277, 0.65213, 0.703729, 0.619293, 0.580726, 0.573295, 0.410805, 0.548244, 0.459199, 0.689339, 0.358023, 0.467008, 0.405945, 0.493836, 0.617892]}