{"statewide": 0.523254, "byDistrict": [0.526467, 0.737778, 0.905579, 0.603036, 0.65051, 0.555636, 0.515675, 0.535709, 0.347036, 0.483045, 0.38322, 0.645092, 0.288308, 0.404234, 0.335396, 0.431073, 0.572251]}