{"statewide": 0.505998, "byDistrict": [0.523446, 0.715271, 0.906956, 0.595697, 0.66279, 0.574467, 0.503144, 0.48531, 0.314678, 0.479033, 0.392098, 0.600868, 0.271164, 0.340749, 0.312373, 0.395445, 0.529528]}