{"statewide": 0.516503, "byDistrict": [0.561636, 0.476914, 0.52489, 0.550276, 0.472042]}