{"statewide": 0.530392, "byDistrict": [0.568991, 0.476463, 0.545791, 0.579604, 0.487115]}