{"statewide": 0.646034, "byDistrict": [0.693042, 0.625061, 0.685421, 0.632571, 0.594204]}