{"statewide": 0.60196, "byDistrict": [0.642547, 0.55855, 0.599897, 0.658214, 0.554533]}