CD,composite
1,0.623951
2,0.540579
3,0.592618
4,0.616852
5,0.533555
