{"statewide": 0.602037, "byDistrict": [0.636226, 0.571989, 0.613923, 0.635254, 0.555762]}