{"statewide": 0.580828, "byDistrict": [0.623951, 0.540579, 0.592618, 0.616852, 0.533555]}