{"statewide": 0.571412, "byDistrict": [0.621714, 0.517878, 0.572299, 0.62742, 0.521978]}