POINT,AG2020
Sb,0.501392
Ra,0.750696
Rb,0.250696
Va,0.591148
Vb,0.407540
