METRIC,P2016
Vf,0.480941
Sf,0.450154
EG,0.011728
PR,0.030787
GAMMA,0.006614
BS_50,0.005171
BV_50,0.002024
BS_V,0.001754
GS,0.004679
MM,0.008381
LO,-0.019359
DECL,-0.025587
R,2.615356
r,2.268337
Rd,2.773323
Sb,0.450154
Ra,0.725077
Rb,0.225077
Va,0.606137
Vb,0.413222
L_Vf,0.460000
L_Sf,0.395584
U_Vf,0.505000
U_Sf,0.507605
