METRIC,S2016
Vf,0.470444
S_V,5.734810
Sf,5.734810
FPTP,6.000000
PR,7.000000
BS_50,0.001585
BV_50,0.000483
DECL,-0.152085
GS,0.004557
EG,0.031259
BS_V,-0.004432
PROP,0.060815
MM,0.007223
TO,0.001336
MM',0.005886
LO,-0.031250
R,3.057610
r,2.836393
Rd,3.642772
L_Vf,0.450000
L_Sf,0.343240
U_Vf,0.495000
U_Sf,0.482405
