POINT,G2020
Sb,0.561210
Ra,0.780605
Rb,0.280605
Va,0.580642
Vb,0.396517
