METRIC,AG2020
Vf,0.501243
Sf,0.501392
EG,0.001094
PR,-0.000149
GAMMA,0.001879
BS_50,0.001827
BV_50,0.000694
BS_V,0.001822
GS,0.000815
MM,0.006039
LO,0.001311
DECL,0.161607
R,1.119891
r,2.631181
Rd,3.188911
Sb,0.501392
Ra,0.750696
Rb,0.250696
Va,0.591148
Vb,0.407540
L_Vf,0.480000
L_Sf,0.443601
U_Vf,0.525000
U_Sf,0.568202
