METRIC,G2020
Vf,0.522875
S_V,7.856937
Sf,7.856937
FPTP,7.000000
PR,7.000000
BS_50,0.001676
BV_50,0.000597
DECL,0.061560
GS,0.005291
EG,-0.015460
BS_V,0.003731
PROP,-0.038335
MM,0.004401
TO,0.000184
MM',0.004217
LO,0.022841
R,2.675838
r,2.816017
Rd,3.610523
L_Vf,0.500000
L_Sf,0.498324
U_Vf,0.545000
U_Sf,0.629923
