POINT,P2020
Sb,0.474455
Ra,0.737228
Rb,0.237228
Va,0.599764
Vb,0.404059
