POINT,S2020
Sb,0.471413
Ra,0.735706
Rb,0.235706
Va,0.594935
Vb,0.413977
