METRIC,P2020
Vf,0.493144
S_V,6.642375
FPTP,7.000000
PR,7.000000
BS_50,0.008811
BV_50,0.003466
DECL,1.229868
GS,0.003328
EG,0.011833
BS_V,0.008402
PROP,0.018689
MM,0.009050
TO,0.000055
MM',0.008995
LO,-0.003823
R,3.725885
r,2.429867
Rd,2.954611
L_Vf,0.470000
L_Sf,0.415226
U_Vf,0.515000
U_Sf,0.530771
