{"statewide": 0.493144, "byDistrict": [0.536841, 0.646058, 0.371488, 0.677508, 0.392253, 0.562761, 0.435541, 0.3277, 0.459568, 0.300178, 0.448516, 0.652985, 0.508621, 0.583229]}