METRIC,P2016
Vf,0.480941
S_V,6.302155
Sf,6.302155
FPTP,6.000000
PR,7.000000
BS_50,0.005171
BV_50,0.002024
DECL,-0.025587
GS,0.004679
EG,0.011728
BS_V,0.001754
PROP,0.030787
MM,0.008381
TO,0.000237
MM',0.008144
LO,-0.019359
R,2.615356
r,2.268337
Rd,2.773323
L_Vf,0.460000
L_Sf,0.395584
U_Vf,0.505000
U_Sf,0.507605
