POINT,P2016
Sb,0.450154
Ra,0.725077
Rb,0.225077
Va,0.606137
Vb,0.413222
