POINT,composite
Sb,0.482447
Ra,0.741224
Rb,0.241224
Va,0.594959
Vb,0.410615
