METRIC,AG2020
Vf,0.501243
Sf,0.501392
S_V,7.019488
FPTP,7.000000
PR,7.000000
EG,0.001094
PROP,-0.000149
BS_50,0.001827
BV_50,0.000694
GS,0.000815
BS_V,0.001822
DECL,0.161607
MM,0.006039
TO,0.000332
MM',0.005707
LO,0.001311
R,1.119891
r,2.631181
Rd,3.188911
Sb,0.501392
Ra,0.750696
Rb,0.250696
Va,0.591148
Vb,0.407540
AVG_DVf,0.597781
AVG_RVf,0.404041
L_Vf,0.480000
L_Sf,0.443601
U_Vf,0.525000
U_Sf,0.568202
