POINT,S2016
Sb,0.409629
Ra,0.704815
Rb,0.204815
Va,0.600096
Vb,0.431154
