{"statewide": 0.501243, "byDistrict": [0.556211, 0.641831, 0.382012, 0.680402, 0.399753, 0.568223, 0.453274, 0.343858, 0.472889, 0.320099, 0.456403, 0.650926, 0.517519, 0.569358]}