xx, year, election, n, Vf, estS, bestS, fptpS, bS50, bV50, decl, gSym, EG, bSV, prop, mMs, tOf, mMd, LO
NC, 2022, composite, 14, 0.494333, 6.754260, 7, 7, 0.002730, 0.001009, 0.181298, 0.001177, 0.006219, 0.002460,
NC, 2022, P2020, 14, 0.493144, 6.642375, 7, 7, 0.008811, 0.003466, 1.229868, 0.003328, 0.011833, 0.008402,
NC, 2022, P2016, 14, 0.480941, 6.302155, 7, 6, 0.005171, 0.002024, -0.025587, 0.004679, 0.011728, 0.001754,
NC, 2022, S2020, 14, 0.490852, 6.599776, 7, 7, 0.004048, 0.001442, 0.291509, 0.001957, 0.010291, 0.003297,
NC, 2022, S2016, 14, 0.470444, 5.734810, 7, 6, 0.001585, 0.000483, -0.152085, 0.004557, 0.031259, -0.004432,
NC, 2022, G2020, 14, 0.522875, 7.856937, 7, 7, 0.001676, 0.000597, 0.061560, 0.005291, -0.015460, 0.003731,
NC, 2022, AG2020, 14, 0.501243, 7.019488, 7, 7, 0.001827, 0.000694, 0.161607, 0.000815, 0.001094, 0.001822,
