{
  "statewide": 0.522875,
  "byDistrict": [
    0.56405,
    0.672971,
    0.397028,
    0.700305,
    0.432434,
    0.595788,
    0.474316,
    0.361529,
    0.496767,
    0.333449,
    0.479686,
    0.671629,
    0.54018,
    0.597539
  ]
}