{
  "statewide": 0.490852,
  "byDistrict": [
    0.544,
    0.621897,
    0.376532,
    0.671954,
    0.398754,
    0.562756,
    0.439706,
    0.33136,
    0.462506,
    0.30532,
    0.451536,
    0.641151,
    0.501571,
    0.556147
  ]
}