{
  "statewide": 0.494333,
  "byDistrict": [
    0.549307,
    0.631539,
    0.376396,
    0.677149,
    0.397577,
    0.564323,
    0.44512,
    0.332674,
    0.467712,
    0.309522,
    0.450158,
    0.643981,
    0.506684,
    0.563539
  ]
}