{"statewide": 0.470444, "byDistrict": [0.543635, 0.576786, 0.362002, 0.65304, 0.372772, 0.53812, 0.429486, 0.310068, 0.452352, 0.299395, 0.434825, 0.61015, 0.474091, 0.510784]}