{"statewide": 0.480941, "byDistrict": [0.550551, 0.61645, 0.365301, 0.677068, 0.38274, 0.554201, 0.43304, 0.312371, 0.457332, 0.292419, 0.420572, 0.628842, 0.487788, 0.551187]}