CD,composite
1,0.622671
2,0.593452
3,0.471811
4,0.402490
5,0.444035
6,0.568006
7,0.860756
8,0.507881
9,0.714254
10,0.570512
