{"statewide": 0.584393, "byDistrict": [0.616576, 0.589548, 0.488144, 0.392795, 0.465772, 0.566586, 0.857048, 0.508178, 0.711359, 0.567614]}