{"statewide": 0.587866, "byDistrict": [0.63986, 0.597582, 0.458935, 0.383454, 0.42346, 0.565206, 0.883211, 0.517573, 0.733831, 0.571688]}