{"statewide": 0.567415, "byDistrict": [0.616616, 0.583905, 0.456295, 0.382381, 0.422146, 0.555036, 0.859985, 0.491055, 0.709726, 0.555548]}