{"statewide": 0.599253, "byDistrict": [0.657417, 0.617732, 0.47845, 0.413074, 0.448665, 0.588738, 0.885338, 0.534517, 0.729799, 0.591307]}