{"statewide": 0.581686, "byDistrict": [0.622671, 0.593452, 0.471811, 0.40249, 0.444035, 0.568006, 0.860756, 0.507881, 0.714254, 0.570512]}