{"statewide": 0.590124, "byDistrict": [0.603727, 0.593661, 0.493786, 0.446335, 0.474369, 0.578822, 0.839487, 0.513292, 0.708176, 0.583456]}