{"statewide": 0.564886, "byDistrict": [0.601375, 0.578333, 0.460948, 0.399273, 0.435206, 0.555002, 0.840226, 0.486692, 0.694675, 0.556007]}