{"statewide": 0.370886, "byDistrict": [0.357033, 0.351343, 0.327753, 0.187971, 0.362249, 0.34813, 0.661999]}