CD,composite
1,0.390132
2,0.370302
3,0.355239
4,0.225359
5,0.385258
6,0.368970
7,0.684726
