{"statewide": 0.398035, "byDistrict": [0.39095, 0.377133, 0.351827, 0.220542, 0.394883, 0.373672, 0.677574]}