{"statewide": 0.411679, "byDistrict": [0.403094, 0.387798, 0.364004, 0.256363, 0.389495, 0.369221, 0.686156]}