{"statewide": 0.404493, "byDistrict": [0.394004, 0.357179, 0.354395, 0.251782, 0.384938, 0.381055, 0.679887]}