{"statewide": 0.508261, "byDistrict": [0.491381, 0.456257, 0.470266, 0.317791, 0.498143, 0.488253, 0.760797]}