{"statewide": 0.400204, "byDistrict": [0.390132, 0.370302, 0.355239, 0.225359, 0.385258, 0.36897, 0.684726]}