XX,YEAR,ELECTION,CD,Vf,S_V,FPTP,PR,BS_50,BV_50,DECL,GS,EG,BS_V,PROP,MM,TO,MM',LO,BIG_R,LIL_R,R_V,L_Vf,L_Sf,U_Vf,U_Sf
AL,2022,composite,7,0.400204,1.006337,1,3,0.143827,0.020904,49.130112,0.052729,0.156646,-0.016635,0.256442,0.029902,0.003063,0.026839,0.032006,3.569657,0.088228,0.025309,0.380000,0.143018,0.425000,0.148661
AL,2022,P2020,7,0.370886,1.000620,1,3,0.115176,0.016500,43.657583,0.050401,0.098826,-0.049448,0.227940,0.019543,-0.000039,0.019582,-0.015787,2.765419,0.010710,0.002683,0.350000,0.142739,0.395000,0.143674
AL,2022,P2016,7,0.356212,1.000066,1,2,0.152544,0.022513,40.757105,0.061463,0.069557,-0.063340,0.213345,0.030546,0.003199,0.027347,-0.040786,2.483750,0.002424,0.000614,0.335000,0.142627,0.380000,0.143017
AL,2022,S2020,7,0.398035,1.009458,1,3,0.111032,0.016225,48.446225,0.045862,0.151862,-0.019916,0.253827,0.020902,-0.000048,0.020950,0.026313,3.489351,0.100032,0.037746,0.375000,0.143026,0.420000,0.149406
AL,2022,S2017,7,0.508261,2.646396,1,4,0.167487,0.026226,14.825599,0.041769,0.138465,0.164587,0.130204,0.020008,0.010706,0.009302,0.031486,-14.761346,5.922065,4.094749,0.485000,0.262477,0.530000,0.526510
AL,2022,G2018,7,0.404493,1.007819,1,3,0.161077,0.023931,49.084569,0.056430,0.165012,-0.017894,0.260519,0.023438,0.004030,0.019408,0.031467,3.727747,0.073639,0.031213,0.380000,0.142974,0.425000,0.147964
AL,2022,AG2018,7,0.411679,1.013961,1,3,0.158315,0.023345,50.378539,0.054754,0.178506,-0.005108,0.266827,0.023881,0.003660,0.020221,0.043735,4.021110,0.156649,0.055558,0.390000,0.143230,0.435000,0.152840
