{"statewide": 0.356212, "byDistrict": [0.349524, 0.332597, 0.321455, 0.185896, 0.325666, 0.299079, 0.656877]}