{"statewide": 0.327184, "byDistrict": [0.287336, 0.378721, 0.329319, 0.304206]}