{"statewide": 0.377019, "byDistrict": [0.33679, 0.445799, 0.345073, 0.369969]}