CD,composite
1,0.299247
2,0.417886
3,0.356589
4,0.325469
