{"statewide": 0.334705, "byDistrict": [0.263646, 0.401988, 0.370421, 0.290895]}