{"statewide": 0.357876, "byDistrict": [0.289264, 0.432592, 0.379297, 0.318783]}