{"statewide": 0.357162, "byDistrict": [0.31661, 0.420052, 0.344866, 0.340713]}