{"statewide": 0.352101, "byDistrict": [0.299247, 0.417886, 0.356589, 0.325469]}