CD,composite,P2020,P2016,S2020,S2016,G2018,AG2018,MEAN,SEM,RSE,Δ,Δ/MEAN,Δ/SEM
1,0.299247,0.289264,0.316610,0.263646,0.336790,0.287336,0.318169,0.301969,0.010853,0.035941,-0.002722,-0.009014,-0.250806
4,0.325469,0.318783,0.340713,0.290895,0.369969,0.304206,0.339091,0.327276,0.011649,0.035594,-0.001807,-0.005521,-0.155121
3,0.356589,0.379297,0.344866,0.370421,0.345073,0.329319,0.362908,0.355314,0.007639,0.021499,0.001275,0.003588,0.166907
2,0.417886,0.432592,0.420052,0.401988,0.445799,0.378721,0.426905,0.417676,0.009777,0.023408,0.000210,0.000503,0.021479
