{"statewide": 0.364374, "byDistrict": [0.318169, 0.426905, 0.362908, 0.339091]}