{"statewide": 0.405356, "byDistrict": [0.298586, 0.768471, 0.308425, 0.37773, 0.349394, 0.328172]}