{"statewide": 0.369603, "byDistrict": [0.248203, 0.722122, 0.249439, 0.364686, 0.343982, 0.306089]}