{"statewide": 0.398283, "byDistrict": [0.273237, 0.770337, 0.30394, 0.380125, 0.352195, 0.315438]}