{"statewide": 0.477699, "byDistrict": [0.423806, 0.821319, 0.368309, 0.413349, 0.412215, 0.453413]}