{"statewide": 0.365809, "byDistrict": [0.259619, 0.73399, 0.27123, 0.346791, 0.306162, 0.292223]}