CD,composite
1,0.284091
2,0.753125
3,0.290539
4,0.364923
5,0.340882
6,0.325791
