{"statewide": 0.390775, "byDistrict": [0.284091, 0.753125, 0.290539, 0.364923, 0.340882, 0.325791]}