{"statewide": 0.337884, "byDistrict": [0.231905, 0.696826, 0.256042, 0.303743, 0.287468, 0.288914]}