METRIC,AG2019
Vf,0.337884
Sf,0.166667
EG,0.009101
PR,0.171217
GAMMA,0.333328
BS_50,0.218051
BV_50,0.033739
BS_V,-0.082861
GS,0.089058
MM,0.049693
LO,-0.029560
DECL,38.536507
R,2.056141
r,0.000030
Sb,0.166667
Ra,0.583333
Rb,0.083333
Va,0.726386
Vb,0.303174
L_Vf,0.315000
L_Sf,0.166651
U_Vf,0.360000
U_Sf,0.166668
