{"statewide": 0.447921, "byDistrict": [0.456555, 0.450428, 0.319287, 0.411887, 0.420522, 0.669424, 0.415623]}