METRIC,composite
Vf,0.431634
Sf,0.156862
S_V,1.098031
FPTP,1.000000
PR,3.000000
EG,0.206406
PROP,0.274772
BS_50,0.115781
BV_50,0.016982
BS_V,0.011755
GS,0.040470
DECL,46.250948
MM,0.025676
TO,-0.000160
MM',0.025836
LO,0.031689
R,5.019140
r,0.841303
Rd,0.379444
Sb,0.156862
Ra,0.578431
Rb,0.078431
Va,0.606629
Vb,0.361683
AVG_DVf,0.659323
AVG_RVf,0.393872
L_Vf,0.410000
L_Sf,0.146441
U_Vf,0.455000
U_Sf,0.190282
