{"statewide": 0.431634, "byDistrict": [0.431947, 0.426469, 0.30683, 0.386771, 0.405259, 0.659323, 0.405958]}