METRIC,P2020
Vf,0.440734
Sf,0.179210
S_V,1.254467
FPTP,1.000000
PR,3.000000
BS_50,0.092948
BV_50,0.014463
GS,0.034403
EG,0.202258
BS_V,0.023785
PROP,0.261524
MM,0.032826
MM',0.034151
LO,0.022502
TO,-0.001325
DECL,39.798617
R,5.412724
r,1.732463
Rd,0.910869
Sb,0.179210
Ra,0.589605
Rb,0.089605
Va,0.596595
Vb,0.380903
AVG_DVf,0.662904
AVG_RVf,0.405252
L_Vf,0.420000
L_Sf,0.155522
U_Vf,0.465000
U_Sf,0.238463
