{"statewide": 0.437538, "byDistrict": [0.446325, 0.429579, 0.307046, 0.38722, 0.404937, 0.673017, 0.414597]}