CD,composite
1,0.431947
2,0.426469
3,0.306830
4,0.386771
5,0.405259
6,0.659323
7,0.405958
