{"statewide": 0.425397, "byDistrict": [0.421703, 0.409743, 0.303198, 0.373855, 0.394403, 0.664287, 0.402507]}