METRIC,P2020
Vf,0.440734
S_V,1.254467
Sf,0.179210
FPTP,1.000000
PR,3.000000
BS_50,0.092948
BV_50,0.014463
DECL,39.798617
GS,0.034403
EG,0.202258
BS_V,0.023785
PROP,0.261524
MM,0.032826
TO,-0.001325
MM',0.034151
LO,0.022502
R,5.412724
r,1.732463
Rd,0.910869
L_Vf,0.420000
L_Sf,0.155522
U_Vf,0.465000
U_Sf,0.238463
