{"statewide": 0.37877, "byDistrict": [0.332692, 0.358553, 0.274611, 0.318027, 0.381409, 0.603759, 0.374129]}