METRIC,G2018
Vf,0.459789
Sf,0.208498
EG,0.211080
PR,0.251291
GAMMA,0.194420
BS_50,0.115971
BV_50,0.017870
BS_V,0.070612
GS,0.037659
MM,0.032757
LO,0.031409
DECL,35.542309
R,7.249310
r,2.414317
Sb,0.208498
Ra,0.604249
Rb,0.104249
Va,0.580590
Vb,0.388001
L_Vf,0.435000
L_Sf,0.164337
U_Vf,0.480000
U_Sf,0.279082
