METRIC,P2016
Vf,0.425397
S_V,1.049502
Sf,0.149929
FPTP,1.000000
PR,3.000000
BS_50,0.138707
BV_50,0.020295
DECL,48.545639
GS,0.046956
EG,0.200865
BS_V,0.003774
PROP,0.275468
MM,0.022890
TO,0.001155
MM',0.021735
LO,0.036421
R,4.692454
r,0.515670
Rd,0.194769
L_Vf,0.405000
L_Sf,0.144609
U_Vf,0.450000
U_Sf,0.172620
