METRIC,S2016
Vf,0.378770
S_V,0.997817
Sf,0.142545
FPTP,1.000000
PR,3.000000
BS_50,0.124024
BV_50,0.018477
DECL,0.000000
GS,0.047232
EG,0.114995
BS_V,-0.063484
PROP,0.236225
MM,0.020217
TO,0.001173
MM',0.019044
LO,0.000000
R,2.948567
r,0.107553
Rd,0.029114
L_Vf,0.355000
L_Sf,0.135785
U_Vf,0.400000
U_Sf,0.144547
