CD,composite
3,0.306830
4,0.386771
5,0.405259
7,0.405958
2,0.426469
1,0.431947
6,0.659323
