{"statewide": 0.459789, "byDistrict": [0.467628, 0.461225, 0.334828, 0.420227, 0.422927, 0.683085, 0.427032]}