{"statewide": 0.440734, "byDistrict": [0.456084, 0.44621, 0.309982, 0.405545, 0.407908, 0.662904, 0.40578]}