CD,composite,P2020,P2016,S2020,S2016,G2018,AG2018,MEAN,SEM,RSE,Δ,Δ/MEAN,Δ/SEM
3,0.306830,0.309982,0.303198,0.319287,0.274611,0.334828,0.307046,0.308159,0.008144,0.026428,-0.001329,-0.004313,-0.163188
4,0.386771,0.405545,0.373855,0.411887,0.318027,0.420227,0.387220,0.386127,0.015267,0.039539,0.000644,0.001668,0.042182
5,0.405259,0.405780,0.394403,0.415623,0.332692,0.422927,0.404937,0.396060,0.013287,0.033548,0.009199,0.023226,0.692331
7,0.405958,0.407908,0.402507,0.420522,0.358553,0.427032,0.414597,0.405187,0.009984,0.024640,0.000771,0.001903,0.077224
2,0.426469,0.446210,0.409743,0.450428,0.374129,0.461225,0.429579,0.428552,0.013133,0.030645,-0.002083,-0.004861,-0.158608
1,0.431947,0.456084,0.421703,0.456555,0.381409,0.467628,0.446325,0.438284,0.013021,0.029709,-0.006337,-0.014459,-0.486675
6,0.659323,0.662904,0.664287,0.669424,0.603759,0.683085,0.673017,0.659413,0.011517,0.017466,-0.000090,-0.000136,-0.007815
