{"statewide": 0.647764, "byDistrict": [0.52058, 0.530207, 0.572843, 0.605202, 0.866632, 0.729172, 0.881573, 0.834125, 0.83449, 0.888282, 0.529158, 0.859298, 0.938324, 0.850583, 0.912683, 0.738632, 0.578204, 0.551572, 0.538463, 0.5911, 0.461306, 0.553326, 0.431233, 0.429382, 0.599421, 0.629529]}