{"statewide": 0.722129, "byDistrict": [0.597754, 0.625451, 0.654993, 0.681347, 0.902541, 0.795884, 0.905078, 0.885706, 0.894113, 0.89499, 0.652868, 0.851702, 0.950719, 0.889295, 0.937721, 0.767128, 0.642544, 0.62283, 0.62884, 0.6832, 0.58766, 0.675323, 0.56712, 0.560028, 0.681052, 0.741287]}