{"statewide": 0.622152, "byDistrict": [0.517432, 0.531154, 0.573901, 0.607534, 0.881921, 0.750465, 0.904557, 0.854779, 0.857735, 0.896277, 0.540119, 0.861752, 0.953343, 0.86937, 0.929652, 0.735787, 0.555574, 0.495639, 0.475868, 0.493721, 0.36026, 0.476576, 0.371141, 0.344531, 0.539488, 0.587628]}