{"statewide": 0.639397, "byDistrict": [0.514731, 0.528424, 0.561851, 0.596436, 0.883471, 0.750254, 0.909089, 0.85709, 0.867586, 0.896117, 0.535292, 0.847529, 0.952943, 0.872765, 0.929408, 0.738664, 0.584235, 0.554956, 0.5286, 0.568218, 0.437416, 0.527145, 0.37991, 0.39177, 0.567158, 0.574938]}