{"statewide": 0.617723, "byDistrict": [0.458763, 0.465804, 0.526556, 0.562436, 0.853409, 0.709899, 0.876568, 0.810013, 0.805096, 0.887586, 0.459423, 0.86703, 0.945874, 0.841856, 0.916994, 0.72274, 0.541972, 0.504367, 0.491213, 0.563464, 0.415843, 0.510781, 0.372426, 0.385265, 0.572998, 0.582958]}