{"statewide": 0.617272, "byDistrict": [0.501081, 0.49241, 0.541258, 0.57347, 0.814261, 0.652863, 0.815542, 0.767532, 0.759516, 0.859796, 0.461441, 0.860467, 0.888289, 0.784938, 0.852044, 0.720639, 0.550862, 0.542465, 0.523624, 0.597835, 0.436878, 0.538095, 0.412231, 0.411991, 0.600652, 0.619088]}