{"statewide": 0.669976, "byDistrict": [0.53902, 0.551143, 0.585619, 0.615741, 0.882546, 0.754776, 0.909195, 0.85508, 0.853076, 0.90226, 0.553964, 0.866214, 0.952508, 0.872187, 0.928121, 0.750572, 0.600124, 0.589717, 0.577259, 0.620054, 0.521767, 0.578631, 0.476248, 0.468777, 0.618227, 0.657243]}