{"statewide": 0.26624, "byDistrict": [0.298777, 0.253999, 0.219171, 0.26403, 0.290656]}