{"statewide": 0.336263, "byDistrict": [0.379865, 0.270867, 0.284485, 0.343862, 0.394804]}