CD,composite
1,0.379865
2,0.270867
3,0.284485
4,0.343862
5,0.394804
