{"statewide": 0.359668, "byDistrict": [0.386075, 0.312877, 0.312555, 0.374692, 0.403622]}