{"statewide": 0.306953, "byDistrict": [0.352514, 0.239201, 0.261269, 0.312086, 0.36743]}