{"statewide": 0.3306, "byDistrict": [0.390422, 0.228126, 0.281021, 0.34163, 0.405262]}