{"statewide": 0.342375, "byDistrict": [0.400123, 0.251997, 0.293183, 0.346299, 0.41229]}