{"statewide": 0.43732, "byDistrict": [0.459937, 0.382264, 0.382513, 0.452119, 0.498612]}