{"statewide": 0.512943, "byDistrict": [0.553506, 0.427459, 0.535881, 0.555775]}