{"statewide": 0.526238, "byDistrict": [0.568676, 0.438865, 0.56014, 0.566098]}