{"statewide": 0.521562, "byDistrict": [0.564032, 0.431898, 0.558144, 0.561475]}