{"statewide": 0.514457, "byDistrict": [0.554371, 0.4293, 0.542183, 0.55573]}