CD,composite
1,0.554371
2,0.429300
3,0.542183
4,0.555730
