{"statewide": 0.513237, "byDistrict": [0.556702, 0.423204, 0.535179, 0.565541]}