{"statewide": 0.502497, "byDistrict": [0.544831, 0.408551, 0.536688, 0.549279]}