{"statewide": 0.512231, "byDistrict": [0.543527, 0.443282, 0.53384, 0.542256]}