CD,composite,P2020,P2016,S2018,S2016,G2018,AG2018,MEAN,SEM,RSE,Δ,Δ/MEAN,Δ/SEM
2,0.429300,0.443282,0.427459,0.438865,0.423204,0.431898,0.408551,0.428876,0.005046,0.011766,0.000424,0.000989,0.084027
3,0.542183,0.533840,0.535881,0.560140,0.535179,0.558144,0.536688,0.543312,0.005027,0.009253,-0.001129,-0.002078,-0.224587
1,0.554371,0.543527,0.553506,0.568676,0.556702,0.564032,0.544831,0.555212,0.004117,0.007415,-0.000841,-0.001515,-0.204275
4,0.555730,0.542256,0.555775,0.566098,0.565541,0.561475,0.549279,0.556737,0.003889,0.006985,-0.001007,-0.001809,-0.258935
