{"statewide": 0.332124, "byDistrict": [0.314361, 0.32084, 0.285669, 0.308173, 0.400141, 0.264772, 0.566448, 0.324481, 0.262497]}