{"statewide": 0.666882, "byDistrict": [0.611941, 0.651059, 0.642496, 0.634753, 0.754372, 0.638387, 0.868164, 0.670611, 0.586027]}