{"statewide": 0.671156, "byDistrict": [0.610518, 0.657572, 0.639987, 0.645003, 0.759937, 0.640508, 0.867213, 0.680336, 0.592558]}