{"statewide": 0.625206, "byDistrict": [0.596719, 0.613248, 0.593294, 0.600429, 0.715393, 0.573996, 0.868717, 0.605299, 0.522529]}