CD,composite
1,0.569114
2,0.598534
3,0.582816
4,0.588438
5,0.696714
6,0.572613
7,0.828544
8,0.614630
9,0.528639
