{"statewide": 0.613854, "byDistrict": [0.569114, 0.598534, 0.582816, 0.588438, 0.696714, 0.572613, 0.828544, 0.61463, 0.528639]}