{"statewide": 0.646524, "byDistrict": [0.594696, 0.629512, 0.615723, 0.621738, 0.733398, 0.598057, 0.877526, 0.647959, 0.553325]}