{"statewide": 0.699581, "byDistrict": [0.650939, 0.679722, 0.671692, 0.678525, 0.779151, 0.672406, 0.890671, 0.713794, 0.608961]}