{"statewide": 0.648955, "byDistrict": [0.662649, 0.623842, 0.653587]}