{"statewide": 0.571991, "byDistrict": [0.571858, 0.554187, 0.587238]}