{"statewide": 0.560908, "byDistrict": [0.566688, 0.542276, 0.570119]}