CD,composite
1,0.566688
2,0.542276
3,0.570119
