{"statewide": 0.639184, "byDistrict": [0.643074, 0.618097, 0.652483]}