{"statewide": 0.546508, "byDistrict": [0.545452, 0.534021, 0.558372]}