{"statewide": 0.531356, "byDistrict": [0.532684, 0.516609, 0.54268]}