{"statewide": 0.555185, "byDistrict": [0.574116, 0.530047, 0.554796]}