CD,composite
1,0.494412
2,0.711920
3,0.501854
4,0.752860
5,0.354921
6,0.420362
7,0.417258
8,0.425615
