{"statewide": 0.503321, "byDistrict": [0.489281, 0.703643, 0.507275, 0.74311, 0.335769, 0.420007, 0.421666, 0.427286]}