{"statewide": 0.49593, "byDistrict": [0.485776, 0.701175, 0.476041, 0.763666, 0.355924, 0.408144, 0.392408, 0.408907]}