{"statewide": 0.505586, "byDistrict": [0.493193, 0.719176, 0.509733, 0.746424, 0.33795, 0.415409, 0.416056, 0.426082]}