{"statewide": 0.503205, "byDistrict": [0.489813, 0.711722, 0.476208, 0.768689, 0.38394, 0.420424, 0.398642, 0.421323]}