{"statewide": 0.554194, "byDistrict": [0.54187, 0.740311, 0.564455, 0.775465, 0.392588, 0.473201, 0.477388, 0.486998]}