{"statewide": 0.506773, "byDistrict": [0.494412, 0.71192, 0.501854, 0.75286, 0.354921, 0.420362, 0.417258, 0.425615]}