{"statewide": 0.482701, "byDistrict": [0.470953, 0.693422, 0.488166, 0.71671, 0.320642, 0.39225, 0.411373, 0.391732]}