CD,composite,P2020,P2016,S2018,S2016,G2018,AG2018,MEAN,SEM,RSE,Δ,Δ/MEAN,Δ/SEM
5,0.354921,0.383940,0.355924,0.392588,0.320642,0.337950,0.335769,0.354469,0.011677,0.032942,0.000452,0.001275,0.038709
7,0.417258,0.398642,0.392408,0.477388,0.411373,0.416056,0.421666,0.419589,0.012386,0.029519,-0.002331,-0.005555,-0.188196
6,0.420362,0.420424,0.408144,0.473201,0.392250,0.415409,0.420007,0.421573,0.011176,0.026510,-0.001211,-0.002873,-0.108357
8,0.425615,0.421323,0.408907,0.486998,0.391732,0.426082,0.427286,0.427055,0.013171,0.030841,-0.001440,-0.003372,-0.109331
1,0.494412,0.489813,0.485776,0.541870,0.470953,0.493193,0.489281,0.495148,0.009871,0.019935,-0.000736,-0.001486,-0.074562
3,0.501854,0.476208,0.476041,0.564455,0.488166,0.509733,0.507275,0.503646,0.013543,0.026890,-0.001792,-0.003558,-0.132319
2,0.711920,0.711722,0.701175,0.740311,0.693422,0.719176,0.703643,0.711575,0.006793,0.009546,0.000345,0.000485,0.050788
4,0.752860,0.768689,0.763666,0.775465,0.716710,0.746424,0.743110,0.752344,0.008794,0.011689,0.000516,0.000686,0.058676
