{"statewide": 0.533339, "byDistrict": [0.782522, 0.672781, 0.45259, 0.352806, 0.395923, 0.559626, 0.52504, 0.491606]}