{"statewide": 0.569383, "byDistrict": [0.813597, 0.704684, 0.457732, 0.404871, 0.447508, 0.62215, 0.572892, 0.523417]}