{"statewide": 0.547716, "byDistrict": [0.791704, 0.679975, 0.44769, 0.379026, 0.420945, 0.594968, 0.550691, 0.508586]}