{"statewide": 0.530045, "byDistrict": [0.769963, 0.649223, 0.458934, 0.370665, 0.384766, 0.564219, 0.521905, 0.510642]}