CD,composite
1,0.792869
2,0.678803
3,0.451458
4,0.373500
5,0.409399
6,0.585277
7,0.541435
8,0.506792
