{"statewide": 0.526833, "byDistrict": [0.795365, 0.6667, 0.423557, 0.350404, 0.379024, 0.572208, 0.516204, 0.490394]}