{"statewide": 0.544776, "byDistrict": [0.792869, 0.678803, 0.451458, 0.3735, 0.409399, 0.585277, 0.541435, 0.506792]}