{"statewide": 0.555169, "byDistrict": [0.798328, 0.693342, 0.469784, 0.377838, 0.416178, 0.587163, 0.55191, 0.509829]}