{"statewide": 0.58659, "byDistrict": [0.714837, 0.702877, 0.711362, 0.736381, 0.70252, 0.55541, 0.870004, 0.57851, 0.710295, 0.631819, 0.578146, 0.282213, 0.557413, 0.55847, 0.302205, 0.389944, 0.539878]}