{"statewide": 0.579676, "byDistrict": [0.753897, 0.722558, 0.696903, 0.733721, 0.616462, 0.53071, 0.8474, 0.557252, 0.659301, 0.530823, 0.517591, 0.412224, 0.57973, 0.550673, 0.366838, 0.367684, 0.531609]}