{"statewide": 0.498823, "byDistrict": [0.376859, 0.350681, 0.500791, 0.449734, 0.365864, 0.609296, 0.47987, 0.505574, 0.326077, 0.471789, 0.572986, 0.744861, 0.765484]}