{"statewide": 0.514135, "byDistrict": [0.399558, 0.356494, 0.543309, 0.479907, 0.377049, 0.635135, 0.504819, 0.510303, 0.350607, 0.495039, 0.600517, 0.745371, 0.75088]}