CD,composite
1,0.408612
2,0.372153
3,0.518690
4,0.465820
5,0.389392
6,0.627193
7,0.507325
8,0.524909
9,0.365641
10,0.508367
11,0.594095
12,0.752957
13,0.763925
