{"statewide": 0.549283, "byDistrict": [0.444163, 0.418148, 0.537029, 0.48972, 0.427343, 0.647388, 0.545156, 0.562465, 0.410289, 0.543333, 0.616176, 0.770382, 0.781715]}