{"statewide": 0.518684, "byDistrict": [0.408612, 0.372153, 0.51869, 0.46582, 0.389392, 0.627193, 0.507325, 0.524909, 0.365641, 0.508367, 0.594095, 0.752957, 0.763925]}