{"statewide": 0.533186, "byDistrict": [0.435415, 0.40355, 0.517105, 0.472287, 0.412066, 0.632601, 0.521034, 0.540023, 0.39663, 0.535097, 0.599601, 0.75657, 0.765059]}