{"statewide": 0.508587, "byDistrict": [0.402028, 0.355152, 0.511625, 0.453798, 0.376413, 0.617584, 0.499433, 0.521006, 0.35769, 0.503432, 0.585264, 0.745795, 0.750971]}