{"statewide": 0.514567, "byDistrict": [0.404809, 0.366374, 0.496834, 0.449844, 0.393158, 0.622503, 0.497833, 0.516254, 0.367661, 0.512739, 0.590972, 0.755632, 0.7692]}