{"statewide": 0.481899, "byDistrict": [0.27307, 0.370421, 0.411963, 0.363745, 0.394256, 0.380071, 0.668133, 0.365819, 0.794189, 0.403557, 0.299589, 0.40834, 0.277602, 0.372129, 0.563175, 0.71611, 0.388944, 0.769707, 0.279381, 0.689215, 0.392809, 0.408631, 0.48319, 0.41569, 0.347844, 0.389104, 0.400908, 0.603126, 0.757095, 0.797495, 0.388606, 0.66067, 0.781633, 0.663559, 0.760411, 0.354028, 0.776779, 0.39282]}