{"statewide": 0.432364, "byDistrict": [0.245208, 0.326048, 0.35647, 0.313504, 0.351266, 0.334556, 0.604469, 0.329401, 0.742632, 0.353474, 0.266654, 0.362752, 0.247027, 0.330517, 0.501035, 0.678087, 0.346962, 0.721106, 0.24411, 0.628534, 0.338106, 0.357492, 0.428373, 0.347398, 0.303591, 0.338101, 0.341247, 0.534654, 0.715441, 0.750345, 0.33575, 0.601966, 0.746445, 0.581343, 0.715209, 0.313238, 0.719634, 0.335593]}