{"statewide": 0.471691, "byDistrict": [0.267933, 0.384543, 0.426784, 0.368535, 0.386464, 0.378733, 0.650734, 0.36231, 0.770056, 0.404333, 0.295393, 0.407821, 0.268872, 0.355344, 0.485471, 0.679849, 0.385529, 0.74606, 0.265482, 0.668197, 0.400011, 0.41859, 0.463595, 0.437264, 0.341999, 0.405975, 0.386367, 0.535666, 0.685831, 0.787229, 0.396849, 0.667634, 0.75303, 0.578402, 0.730314, 0.340003, 0.769082, 0.408096]}