{"statewide": 0.462228, "byDistrict": [0.260036, 0.360292, 0.396491, 0.346087, 0.374563, 0.362381, 0.644645, 0.351187, 0.775017, 0.385629, 0.286238, 0.391109, 0.257118, 0.353388, 0.52089, 0.700973, 0.371305, 0.75075, 0.257579, 0.665289, 0.375889, 0.394876, 0.4635, 0.400117, 0.328745, 0.376201, 0.380975, 0.563849, 0.723064, 0.783181, 0.373574, 0.646121, 0.762571, 0.621187, 0.734449, 0.334995, 0.75531, 0.379187]}