{"statewide": 0.487067, "byDistrict": [0.270627, 0.375503, 0.420651, 0.367805, 0.397119, 0.381104, 0.675088, 0.36812, 0.797029, 0.410613, 0.302072, 0.417257, 0.279629, 0.369665, 0.55873, 0.745831, 0.38947, 0.773518, 0.279804, 0.697281, 0.397394, 0.413512, 0.490724, 0.426694, 0.349671, 0.399976, 0.399802, 0.594074, 0.76212, 0.804184, 0.394372, 0.672052, 0.790343, 0.657009, 0.769775, 0.351954, 0.78619, 0.397165]}