{"statewide": 0.450504, "byDistrict": [0.261381, 0.363748, 0.392456, 0.343933, 0.372377, 0.363637, 0.617733, 0.348581, 0.753824, 0.380725, 0.285209, 0.383987, 0.255048, 0.344154, 0.475912, 0.673349, 0.369711, 0.726801, 0.249286, 0.644089, 0.370309, 0.392596, 0.44413, 0.391913, 0.3266, 0.37495, 0.375347, 0.534134, 0.678976, 0.767462, 0.377975, 0.632401, 0.735272, 0.579045, 0.71077, 0.328594, 0.735895, 0.374491]}