{"statewide": 0.452877, "byDistrict": [0.253895, 0.333148, 0.361642, 0.319766, 0.350457, 0.337759, 0.65758, 0.333984, 0.795988, 0.36064, 0.280014, 0.364825, 0.231234, 0.352332, 0.568635, 0.72253, 0.351915, 0.769063, 0.245827, 0.669592, 0.352661, 0.373499, 0.478394, 0.374114, 0.307615, 0.338574, 0.387348, 0.600103, 0.757491, 0.789568, 0.340287, 0.637511, 0.767259, 0.688119, 0.725697, 0.327801, 0.743703, 0.359659]}